;hotel_name;hotel_id;lat;lon;address;total_price;max_persons;roome_type;rating;rating_string;date_of_creation
0;Siesta Vendégház;431311.0;47.9064072360749;20.3855958580971;3300 Eger, Joó János út 26, Ungarn;HUF 18.400;2.0;Zweibettzimmer;3.0;Außergewöhnlich;03/15/2022
1;Leo Vendeghaz;2463518.0;47.9056683053885;20.3766191693115;3300 Eger, 4 Szaicz Leó utca, Ungarn;HUF 47.520;6.0;Suite;4.0;Hervorragend;03/15/2022
2;Egerház Vendégház;3215462.0;47.894843;20.370282;3300 Eger, Arany János utca 33., Ungarn;HUF 18.320;2.0;Doppelzimmer;;Hervorragend;03/15/2022
3;Főnix Panzió;6376076.0;47.901206;20.382936;3300 Eger, 3 Mekcsey István utca  3, Ungarn;HUF 18.320;3.0;Dreibettzimmer;3.0;Fabelhaft;03/15/2022
4;Palace - Minaret Apartman Eger;4457311.0;47.90493944976;20.376149805557;3300 Eger, 10 Knézich Károly utca, Ungarn;HUF 43.895;8.0;Ferienwohnung;3.0;Hervorragend;03/15/2022
5;Albina apartman;2283217.0;47.891818;20.3784439;3300 Eger, DEAK FERENC UTCA 74 2 emelet 7., Ungarn;HUF 28.625;6.0;Ferienwohnung;4.0;Hervorragend;03/15/2022
6;Belvárosi apartman;7899423.0;47.9041087;20.3672954;3300 Eger, 21/A Bartakovics Béla utca, Ungarn;HUF 20.995;4.0;Ferienwohnung;;Außergewöhnlich;03/15/2022
7;Luxury Dream Apartman;5300673.0;47.902296;20.368302;3300 Eger, Rózsa Károly utca 12. 1/2., Ungarn;HUF 25.600;4.0;Ferienwohnung;3.0;Außergewöhnlich;03/15/2022
8;Arany Csillag Apartman;4304481.0;47.902258851869;20.375502457672;3300 Eger, Szent János utca 12., I/4, Ungarn;HUF 27.480;6.0;Ferienwohnung;3.0;Fabelhaft;03/15/2022
9;Cecey Apartman;6031455.0;47.906805;20.383988;3300 Eger, Cecey Éva utca 18/O, Ungarn;HUF 13.855;4.0;Ferienwohnung;3.0;Fabelhaft;03/15/2022
10;Borbarát Vendégház;437495.0;47.9117200585769;20.3878730535507;3300 Eger, Kis-Eged utca 1., Ungarn;HUF 42.445;8.0;Ferienhaus;3.0;Außergewöhnlich;03/15/2022
11;Flamingo Vendégház;422409.0;47.9108463120443;20.3844237327576;3300 Eger, Nagy-Eged u. 6., Ungarn;HUF 25.955;2.0;Doppelzimmer;3.0;Sehr gut;03/15/2022
12;Marienka panzió;5505143.0;47.906878;20.371815;3300 Eger, 43 Széchenyi István utca, Ungarn;HUF 22.450;2.0;Doppelzimmer;;Sehr gut;03/15/2022
13;Katus Apartman;5502200.0;47.893150458789;20.377813962149;3300 Eger, Deák Ferenc utca 47., Ungarn;HUF 31.680;8.0;Ferienwohnung;3.0;Außergewöhnlich;03/15/2022
14;Apartman Rosé;2683410.0;47.902173;20.3798293;3300 Eger, Céhmesterek udvara 11, Ungarn;HUF 20.230;6.0;Ferienwohnung;3.0;Hervorragend;03/15/2022
15;Hooper's Vendégház;6133705.0;47.902546;20.365218;3300 Eger, 2 Bem tábornok tér, Ungarn;HUF 20.500;3.0;Dreibettzimmer;3.0;Außergewöhnlich;03/15/2022
16;Báthory Apartman;3159651.0;47.901268;20.367195;3300 Eger, 24 Doktor Nagy János utca fszt. 5., Ungarn;HUF 20.230;6.0;Ferienwohnung;3.0;Außergewöhnlich;03/15/2022
17;Central Golden Apartman;7607836.0;47.903251309038;20.373802835582;3300 Eger, Maczky Valér u. 2. 3.em.4., Ungarn;HUF 21.755;6.0;Ferienwohnung;;Außergewöhnlich;03/15/2022
18;Corner Apartman Eger;1338660.0;47.9010642398133;20.3830117460327;3300 Eger, Mekcsey út 1, Ungarn;HUF 40.910;4.0;Ferienwohnung;3.0;Hervorragend;03/15/2022
19;ONE Luxury Suites Eger;3997217.0;47.900966530428;20.385993373016;3300 Eger, Diófakút út 11, Ungarn;HUF 73.300;4.0;Ferienwohnung;4.0;Außergewöhnlich;03/15/2022
20;Esőerdő Apartman;5938222.0;47.897737690034;20.385660449074;3300 Eger, Eger Mély út 1., Ungarn;HUF 16.415;2.0;Ferienwohnung;3.0;Hervorragend;03/15/2022
21;Harmónia Apartmanház;1148909.0;47.8979545;20.3678208;3300 Eger, Vörösmarty út 18., Ungarn;HUF 24.965;7.0;Ferienwohnung;3.0;Hervorragend;03/15/2022
22;Palace - Belvárosi Apartman Eger;5291230.0;47.9004692194374;20.375042706728;3300 Eger, Széchenyi István utca 2 2. emelet 2., Ungarn;HUF 31.680;7.0;Ferienwohnung;3.0;Außergewöhnlich;03/15/2022
23;Agria Retur Vendégház;494652.0;47.9054586;20.3753750999999;;HUF 12.595;3.0;Dreibettzimmer;3.0;Hervorragend;03/15/2022
24;Afrodité Apartmanok;382110.0;47.9031024033419;20.3787079453468;;HUF 20.245;2.0;Ferienwohnung;3.0;Hervorragend;03/15/2022
25;Vár-Lak Apartman;1069607.0;47.9007464;20.3863074;;HUF 22.215;2.0;Studio;3.0;Fabelhaft;03/15/2022
26;Princess Vendégház;1192368.0;47.8950391990165;20.3643225156495;;HUF 17.175;2.0;Doppelzimmer;3.0;Fabelhaft;03/15/2022
27;Hotel Minaret&Étterem;393910.0;47.9044509731939;20.3766077756882;;HUF 20.320;2.0;Zweibettzimmer;;Gut;03/15/2022
28;Hotel Romantik Eger;75204.0;47.9033469466162;20.3703877329826;;HUF 25.650;2.0;Doppelzimmer;3.0;Fabelhaft;03/15/2022
29;Kulacs Csarda Panzio;257791.0;47.8922388415082;20.3598412871361;;HUF 39.315;3.0;Familienzimmer;3.0;Hervorragend;03/15/2022
30;Invest Vendégház;422374.0;47.9187975808299;20.3671663999558;;HUF 18.320;2.0;Doppel-/Zweibettzimmer;;Fabelhaft;03/15/2022
31;Hotel Senator-Ház Eger;28498.0;47.9031671354975;20.3778067231178;;HUF 31.300;2.0;Doppelzimmer;3.0;Hervorragend;03/15/2022
32;Kertész Vendégház;4600246.0;47.892504;20.390228;;HUF 15.880;3.0;Studio;;Hervorragend;03/15/2022
33;Offi Haz Hotel;75261.0;47.9031797222961;20.3778120875359;;HUF 30.345;2.0;Doppelzimmer;3.0;Sehr gut;03/15/2022
34;Bacchus Panzió Hotel;76826.0;47.894103846081;20.3639531135559;;HUF 25.955;2.0;Zweibettzimmer;;Sehr gut;03/15/2022
35;Imola Udvarház Dessert Hotel;434541.0;47.9027931263699;20.381070971489;;HUF 41.445;4.0;Ferienwohnung;;Hervorragend;03/15/2022
36;Hotel Korona Wellness, Rendezvény és Borszálloda;75325.0;47.9037838850316;20.370269715786;;HUF 39.315;2.0;Doppel-/Zweibettzimmer;4.0;Sehr gut;03/15/2022
37;Diófa Vendégház;1770738.0;47.9008815446513;20.3839483486729;;HUF 17.940;2.0;Ferienwohnung;3.0;Hervorragend;03/15/2022
38;Allure Healthy Hotel & Spa;6612204.0;47.922229;20.36618;;HUF 57.250;4.0;Suite;4.0;Fabelhaft;03/15/2022
39;Hotel Villa Völgy Wellness & Konferencia;252127.0;47.8947782526058;20.3574407100677;;HUF 53.435;2.0;Doppel-/Zweibettzimmer;4.0;Sehr gut;03/15/2022
40;Family Apartman;504948.0;47.9059918960022;20.3851816355746;;HUF 27.865;4.0;Ferienwohnung;3.0;Außergewöhnlich;03/15/2022
41;Centrum Vendégház;675913.0;47.9014337242809;20.3766024112701;;HUF 27.980;2.0;Ferienwohnung;3.0;Hervorragend;03/15/2022
42;Várkapu Panzió;541287.0;47.9022331865108;20.3806726634502;;HUF 28.625;2.0;Doppelzimmer;3.0;Hervorragend;03/15/2022
43;Cork Apartman;6407707.0;47.9009511;20.3788711;;HUF 79.005;6.0;Ferienwohnung;;Außergewöhnlich;03/15/2022
44;Főtér Apartman;1666807.0;47.9027168;20.3763255;;HUF 46.945;6.0;Ferienwohnung;3.0;Außergewöhnlich;03/15/2022
45;Kisasszony apartman;2279028.0;47.908217564895;20.3697241349378;;HUF 26.720;5.0;Ferienwohnung;3.0;Fabelhaft;03/15/2022
46;Sasvár Apartman;2665268.0;47.905889;20.367148;;HUF 25.575;6.0;Ferienwohnung;3.0;Außergewöhnlich;03/15/2022
47;Hotel Estella Superior;556126.0;47.8999229;20.379201;;;;;2.0;Fabelhaft;03/15/2022
48;Barokk Vendégház;539742.0;47.9030511;20.3773201;;HUF 29.390;6.0;Ferienwohnung;3.0;Sehr gut;03/15/2022
49;Plitzner Belvárosi Apartmanház;1869082.0;47.9014690832187;20.3820016790985;;;;;3.0;Hervorragend;03/15/2022
50;Szent Kristóf Panzió;343947.0;47.8975800928596;20.3719514608383;;;;;3.0;Hervorragend;03/15/2022
51;Léna Apartman - Eger;4157124.0;47.9018858113942;20.3738359822785;;;;;3.0;Außergewöhnlich;03/15/2022
52;ANGEL´S VENDÉGHÁZ;4134738.0;47.897199;20.364688;;HUF 20.230;2.0;Doppelzimmer;3.0;Hervorragend;03/15/2022
53;Mecset Apartman;5618174.0;47.903771;20.376757;;;;;4.0;Außergewöhnlich;03/15/2022
54;Villa Florencia;4084392.0;47.902518;20.379531;;;;;3.0;Fabelhaft;03/15/2022
55;Melior Szálló;2460125.0;47.903394;20.3705637;;HUF 17.140;2.0;Doppelzimmer;3.0;Hervorragend;03/15/2022
56;Aqua Villa Eger;467457.0;47.8999034551467;20.3843888640404;;;;;3.0;Fabelhaft;03/15/2022
57;Illaberek Panzió;1070483.0;47.9061;20.384103;;;;;3.0;Hervorragend;03/15/2022
58;Aranykert Vendégház;596265.0;47.8962529242704;20.3708705306053;;;;;3.0;Fabelhaft;03/15/2022
59;Magas-lak Apartman Eger;6829786.0;47.897103638544;20.385522253373;;;;;3.0;Außergewöhnlich;03/15/2022
60;Zöld Sziget Vendégház;418200.0;47.9088380773682;20.3852337598801;;;;;3.0;Fabelhaft;03/15/2022
61;Aranyvár Apartment;2424156.0;47.9030404037627;20.3799340380288;;;;;3.0;Hervorragend;03/15/2022
62;Gyöngyszem Vendégház;418011.0;47.9098862525481;20.3867009282112;;;;;3.0;Außergewöhnlich;03/15/2022
63;Agria Residence;2003948.0;47.895987729837;20.3750857829621;;;;;3.0;Außergewöhnlich;03/15/2022
64;Akos Apartman;2241519.0;47.9007773703689;20.3771881865082;;;;;3.0;Außergewöhnlich;03/15/2022
65;1552 Boutique Hotel;7186817.0;47.903358;20.37474;;;;;4.0;Außergewöhnlich;03/15/2022
66;Eged'Inn;2706406.0;47.9116560972595;20.3877364188901;;;;;;Hervorragend;03/15/2022
67;Hotel Ködmön;75957.0;47.8918449698498;20.3592458367348;;;;;4.0;Fabelhaft;03/15/2022
68;Lizy apartman;3386228.0;47.896564022717;20.3750901448669;;;;;3.0;Hervorragend;03/15/2022
69;Kókusz Apartmanok;2796126.0;47.908198;20.361012;;;;;3.0;Hervorragend;03/15/2022
70;Paradise Apartmanház;1752177.0;47.8976796814361;20.3884095509262;;;;;3.0;Außergewöhnlich;03/15/2022
71;Haus Lucia;1738429.0;47.9109680381554;20.3896848828033;;;;;3.0;Hervorragend;03/15/2022
72;Imola Hotel Platán;473504.0;47.8973355223432;20.3843083977699;;;;;4.0;Hervorragend;03/15/2022
73;My-Lord LuxApartman;4911950.0;47.898985;20.370516;;;;;3.0;Fabelhaft;03/15/2022
74;Bazilika Vendégház;1460722.0;47.8978060632366;20.3730407981302;;;;;3.0;Hervorragend;03/15/2022
75;Mátyus Udvarház;551650.0;47.913222;20.4090229999999;;;;;3.0;Sehr gut;03/15/2022
76;Demetrovics Udvarház;5634427.0;47.902454;20.3788741;;;;;3.0;Hervorragend;03/15/2022
77;Merula Park Studios;5199722.0;47.911751;20.384701;;;;;3.0;Hervorragend;03/15/2022
78;Origo Apartman;1738363.0;47.8996377988314;20.3799703251312;;;;;3.0;Außergewöhnlich;03/15/2022
79;Dany Rose Apartman;4817859.0;47.9023233849952;20.368734852539;;;;;3.0;Fabelhaft;03/15/2022
80;Vitalis Apartman;4173462.0;47.901728;20.381335;;;;;4.0;Außergewöhnlich;03/15/2022
81;HR Apartmanház;5464357.0;47.900524;20.377768;;;;;3.0;Außergewöhnlich;03/15/2022
82;Garten Vendégház;500867.0;47.9015488073224;20.3890196979046;;HUF 20.230;2.0;Doppelzimmer;3.0;Hervorragend;03/15/2022
83;Hív-Lak Apartman;2235317.0;47.8940208;20.3632895000001;;;;;;Fabelhaft;03/15/2022
84;Villa Bohemia;3572386.0;47.897969;20.373836;;;;;3.0;Außergewöhnlich;03/15/2022
85;Eszter Apartman;2387928.0;47.8945003981815;20.3833293914795;;;;;3.0;Außergewöhnlich;03/15/2022
86;Hacienda Apartmanok;5478576.0;47.905777;20.371399;;;;;3.0;Außergewöhnlich;03/15/2022
87;Bogarti Apartman;2701093.0;47.9017342433255;20.3813703730702;;;;;3.0;Außergewöhnlich;03/15/2022
88;Pisztácia apartman;4726062.0;47.891243;20.39236505582;;;;;3.0;Außergewöhnlich;03/15/2022
89;Balm Apartman;1793895.0;47.8972789327464;20.3861509071551;;;;;3.0;Außergewöhnlich;03/15/2022
90;PR Apartman;5383976.0;47.9015739;20.379533;;;;;3.0;Außergewöhnlich;03/15/2022
91;Károlyi Panzió;697041.0;47.888094945812;20.3928152024309;;HUF 25.270;2.0;Zweibettzimmer;3.0;Fabelhaft;03/15/2022
92;Erla Villa;1696902.0;47.9063925374474;20.3706215539673;;;;;;Hervorragend;03/15/2022
93;Melody Apartman;2261276.0;47.902115;20.375481;;;;;3.0;Außergewöhnlich;03/15/2022
94;Vino Apartman;4070791.0;47.906897;20.371802;;;;;3.0;Außergewöhnlich;03/15/2022
95;Bazis Guesthouse;1270541.0;47.8952242161011;20.3680741269836;;;;;3.0;Hervorragend;03/15/2022
96;Flair Apartmanház;2383816.0;47.8948882885774;20.3575226747994;;;;;4.0;Außergewöhnlich;03/15/2022
97;Holiday Home Podium;2708239.0;47.8881672;20.3752456;;;;;4.0;Außergewöhnlich;03/15/2022
98;Butella Apartman Eger;5621381.0;47.891259340782;20.365264708668;;;;;4.0;Hervorragend;03/15/2022
99;Völgy Apartman;437848.0;47.8908809608234;20.3679737448692;;;;;3.0;Hervorragend;03/15/2022
100;Offi Haz Hotel;75261.0;47.9031797222961;20.3778120875359;3300 Eger, Dobo Istvan ter, Ungarn;HUF 30.345;2.0;Doppelzimmer;3.0;Sehr gut;03/15/2022
101;Aranyudvar Apartman;1706013.0;47.9023648222983;20.3800079981476;3300 Eger, Céhmesterek udvara 2, Ungarn;HUF 29.085;4.0;Ferienwohnung;3.0;Außergewöhnlich;03/15/2022
102;Főtér Apartman;1666807.0;47.9027168;20.3763255;3300 Eger, Dobó tér 1, Ungarn;HUF 46.945;6.0;Ferienwohnung;3.0;Außergewöhnlich;03/15/2022
103;Villabaroque_Eger;7645987.0;47.8945199;20.3765529;3300 Eger, 33 Deák Ferenc utca, Ungarn;HUF 23.030;2.0;Doppelzimmer;3.0;Außergewöhnlich;03/15/2022
104;AIDA Sport Apartman;4728587.0;47.9033216;20.3684334;3300 Eger, Csiky Sándor utca 19, Ungarn;HUF 18.705;4.0;Ferienwohnung;3.0;Außergewöhnlich;03/15/2022
105;Melior Szálló;2460125.0;47.903394;20.3705637;3300 Eger, Csiky Sándor út 22., Ungarn;HUF 17.140;2.0;Doppelzimmer;3.0;Hervorragend;03/15/2022
106;Grande Familia Apartman;6154843.0;47.901549;20.375413;3300 Eger, 9 Érsek utca, Ungarn;HUF 22.560;6.0;Ferienwohnung;3.0;Hervorragend;03/15/2022
107;Garten Vendégház;500867.0;47.9015488073224;20.3890196979046;3300 Eger, Legányi F. u.6., Ungarn;HUF 20.230;2.0;Doppelzimmer;3.0;Hervorragend;03/15/2022
108;Várkapu Panzió;541287.0;47.9022331865108;20.3806726634502;3300 Eger, Kossuth Lajos utca 21., Ungarn;HUF 28.625;2.0;Doppelzimmer;3.0;Hervorragend;03/15/2022
109;Hotel Szent István;343539.0;47.9007072566772;20.3906008601189;3300 Eger, Legányi utca 12., Ungarn;HUF 33.590;2.0;Doppelzimmer;3.0;Sehr gut;03/15/2022
110;Komfort Apartman;558708.0;47.9023102370527;20.3580965101719;3300 Eger, Váci Mihály u.1, Ungarn;HUF 18.795;6.0;Ferienwohnung;3.0;Hervorragend;03/15/2022
111;City Center Apartmanház;8006464.0;47.901200549235;20.376569095107;3300 Eger, 15 Bajcsy-Zsilinszky Endre I. emelet, Ungarn;HUF 27.785;2.0;Ferienwohnung;;Außergewöhnlich;03/15/2022
112;Borostyán Vendégház Eger;2454874.0;47.8981889290586;20.3686384297907;3300 Eger, Reményi Ede tér 3., Ungarn;HUF 16.775;2.0;Dreibettzimmer;3.0;Hervorragend;03/15/2022
113;Uránia Apartmanház;6192314.0;47.902485;20.373831;3300 Eger, 14 Széchenyi István utca 1.Emelet, Ungarn;HUF 22.060;2.0;Ferienwohnung;4.0;Hervorragend;03/15/2022
114;Vécsey Apartman;2244942.0;47.908245;20.382164;3300 Eger, Vécsey völgy 12, Ungarn;HUF 16.415;2.0;Ferienwohnung;3.0;Fabelhaft;03/15/2022
115;Pacsirta Apartmanház;3655083.0;47.8942266;20.3753226;3300 Eger, 13 Pacsirta utca, Ungarn;HUF 20.465;4.0;Ferienwohnung;3.0;Hervorragend;03/15/2022
116;Agria Wellness Guesthouse;495492.0;47.8934689967131;20.3935727477074;3300 Eger, Maklári út 129., Ungarn;HUF 16.415;2.0;Doppelzimmer;3.0;Fabelhaft;03/15/2022
117;Violetta Vendégház;434899.0;47.8905788050468;20.3897505998611;3300 Eger, Zúgó utca 11., Ungarn;HUF 20.995;2.0;Ferienwohnung;3.0;Hervorragend;03/15/2022
118;GabEnd’i Apartman;6596968.0;47.9006014196897;20.381472556969;3300 Eger, Gólya utca 8 fsz 3, Ungarn;HUF 29.010;4.0;Ferienwohnung;3.0;Außergewöhnlich;03/15/2022
119;Kisasszony apartman;2279028.0;47.908217564895;20.3697241349378;3300 Eger, KISASSZONY UTCA 9, Ungarn;HUF 26.720;5.0;Ferienwohnung;3.0;Fabelhaft;03/15/2022
120;Aparthotel Orient;3679752.0;47.904824;20.381283;3300 Eger, Bástya utca 34-36., Ungarn;HUF 25.875;2.0;Ferienwohnung;3.0;Hervorragend;03/15/2022
121;Invest Vendégház;422374.0;47.9187975808299;20.3671663999558;3300 Eger, Rákóczi út 79., Ungarn;HUF 18.320;2.0;Doppel-/Zweibettzimmer;;Fabelhaft;03/15/2022
122;Várkapu Apartman;5436528.0;47.902995;20.380292;3300 Eger, Eger, Dobó utca 6. Hungary, Ungarn;HUF 33.915;5.0;Ferienwohnung;3.0;Hervorragend;03/15/2022
123;Bartók Tér Panzió;421940.0;47.8973211358062;20.3702428936958;3300 Eger, Bartók Tér 8., Ungarn;HUF 24.045;2.0;Doppelzimmer;3.0;Hervorragend;03/15/2022
124;Villa Garden;6508876.0;47.89292;20.3846666;3300 Eger, 16 Mocsáry Lajos utca, Ungarn;HUF 26.720;3.0;Ferienwohnung;;Hervorragend;03/15/2022
125;Agria Retur Vendégház;494652.0;47.9054586;20.3753750999999;;HUF 12.595;3.0;Dreibettzimmer;3.0;Hervorragend;03/15/2022
126;Afrodité Apartmanok;382110.0;47.9031024033419;20.3787079453468;;HUF 20.245;2.0;Ferienwohnung;3.0;Hervorragend;03/15/2022
127;Vár-Lak Apartman;1069607.0;47.9007464;20.3863074;;HUF 22.215;2.0;Studio;3.0;Fabelhaft;03/15/2022
128;Princess Vendégház;1192368.0;47.8950391990165;20.3643225156495;;HUF 17.175;2.0;Doppelzimmer;3.0;Fabelhaft;03/15/2022
129;Hotel Minaret&Étterem;393910.0;47.9044509731939;20.3766077756882;;HUF 20.320;2.0;Zweibettzimmer;;Gut;03/15/2022
130;Hotel Romantik Eger;75204.0;47.9033469466162;20.3703877329826;;HUF 25.650;2.0;Doppelzimmer;3.0;Fabelhaft;03/15/2022
131;Kulacs Csarda Panzio;257791.0;47.8922388415082;20.3598412871361;;HUF 39.315;3.0;Familienzimmer;3.0;Hervorragend;03/15/2022
132;Hotel Senator-Ház Eger;28498.0;47.9031671354975;20.3778067231178;;HUF 31.300;2.0;Doppelzimmer;3.0;Hervorragend;03/15/2022
133;Kertész Vendégház;4600246.0;47.892504;20.390228;;HUF 15.880;3.0;Studio;;Hervorragend;03/15/2022
134;Bacchus Panzió Hotel;76826.0;47.894103846081;20.3639531135559;;HUF 25.955;2.0;Zweibettzimmer;;Sehr gut;03/15/2022
135;Flamingo Vendégház;422409.0;47.9108463120443;20.3844237327576;;HUF 25.955;2.0;Doppelzimmer;3.0;Sehr gut;03/15/2022
136;Imola Udvarház Dessert Hotel;434541.0;47.9027931263699;20.381070971489;;HUF 41.445;4.0;Ferienwohnung;;Hervorragend;03/15/2022
137;Hotel Korona Wellness, Rendezvény és Borszálloda;75325.0;47.9037838850316;20.370269715786;;HUF 39.315;2.0;Doppel-/Zweibettzimmer;4.0;Sehr gut;03/15/2022
138;Diófa Vendégház;1770738.0;47.9008815446513;20.3839483486729;;HUF 17.940;2.0;Ferienwohnung;3.0;Hervorragend;03/15/2022
139;Allure Healthy Hotel & Spa;6612204.0;47.922229;20.36618;;HUF 57.250;4.0;Suite;4.0;Fabelhaft;03/15/2022
140;Palace - Belvárosi Apartman Eger;5291230.0;47.9004692194374;20.375042706728;;HUF 31.680;7.0;Ferienwohnung;3.0;Außergewöhnlich;03/15/2022
141;Marienka panzió;5505143.0;47.906878;20.371815;;HUF 22.450;2.0;Doppelzimmer;;Sehr gut;03/15/2022
142;Hotel Villa Völgy Wellness & Konferencia;252127.0;47.8947782526058;20.3574407100677;;HUF 53.435;2.0;Doppel-/Zweibettzimmer;4.0;Sehr gut;03/15/2022
143;Family Apartman;504948.0;47.9059918960022;20.3851816355746;;HUF 27.865;4.0;Ferienwohnung;3.0;Außergewöhnlich;03/15/2022
144;Centrum Vendégház;675913.0;47.9014337242809;20.3766024112701;;HUF 27.980;2.0;Ferienwohnung;3.0;Hervorragend;03/15/2022
145;Cork Apartman;6407707.0;47.9009511;20.3788711;;HUF 79.005;6.0;Ferienwohnung;;Außergewöhnlich;03/15/2022
146;Katus Apartman;5502200.0;47.893150458789;20.377813962149;;HUF 31.680;8.0;Ferienwohnung;3.0;Außergewöhnlich;03/15/2022
147;Sasvár Apartman;2665268.0;47.905889;20.367148;;HUF 25.575;6.0;Ferienwohnung;3.0;Außergewöhnlich;03/15/2022
148;Hotel Estella Superior;556126.0;47.8999229;20.379201;;;;;2.0;Fabelhaft;03/15/2022
149;Barokk Vendégház;539742.0;47.9030511;20.3773201;;HUF 29.390;6.0;Ferienwohnung;3.0;Sehr gut;03/15/2022
150;Plitzner Belvárosi Apartmanház;1869082.0;47.9014690832187;20.3820016790985;;;;;3.0;Hervorragend;03/15/2022
151;Szent Kristóf Panzió;343947.0;47.8975800928596;20.3719514608383;;;;;3.0;Hervorragend;03/15/2022
152;Léna Apartman - Eger;4157124.0;47.9018858113942;20.3738359822785;;;;;3.0;Außergewöhnlich;03/15/2022
153;ANGEL´S VENDÉGHÁZ;4134738.0;47.897199;20.364688;;HUF 20.230;2.0;Doppelzimmer;3.0;Hervorragend;03/15/2022
154;Mecset Apartman;5618174.0;47.903771;20.376757;;;;;4.0;Außergewöhnlich;03/15/2022
155;Villa Florencia;4084392.0;47.902518;20.379531;;;;;3.0;Fabelhaft;03/15/2022
156;Aqua Villa Eger;467457.0;47.8999034551467;20.3843888640404;;;;;3.0;Fabelhaft;03/15/2022
157;Illaberek Panzió;1070483.0;47.9061;20.384103;;;;;3.0;Hervorragend;03/15/2022
158;Aranykert Vendégház;596265.0;47.8962529242704;20.3708705306053;;;;;3.0;Fabelhaft;03/15/2022
159;Magas-lak Apartman Eger;6829786.0;47.897103638544;20.385522253373;;;;;3.0;Außergewöhnlich;03/15/2022
160;Zöld Sziget Vendégház;418200.0;47.9088380773682;20.3852337598801;;;;;3.0;Fabelhaft;03/15/2022
161;Aranyvár Apartment;2424156.0;47.9030404037627;20.3799340380288;;;;;3.0;Hervorragend;03/15/2022
162;Gyöngyszem Vendégház;418011.0;47.9098862525481;20.3867009282112;;;;;3.0;Außergewöhnlich;03/15/2022
163;Agria Residence;2003948.0;47.895987729837;20.3750857829621;;;;;3.0;Außergewöhnlich;03/15/2022
164;Akos Apartman;2241519.0;47.9007773703689;20.3771881865082;;;;;3.0;Außergewöhnlich;03/15/2022
165;1552 Boutique Hotel;7186817.0;47.903358;20.37474;;;;;4.0;Außergewöhnlich;03/15/2022
166;Eged'Inn;2706406.0;47.9116560972595;20.3877364188901;;;;;;Hervorragend;03/15/2022
167;Hotel Ködmön;75957.0;47.8918449698498;20.3592458367348;;;;;4.0;Fabelhaft;03/15/2022
168;Lizy apartman;3386228.0;47.896564022717;20.3750901448669;;;;;3.0;Hervorragend;03/15/2022
169;Kókusz Apartmanok;2796126.0;47.908198;20.361012;;;;;3.0;Hervorragend;03/15/2022
170;Paradise Apartmanház;1752177.0;47.8976796814361;20.3884095509262;;;;;3.0;Außergewöhnlich;03/15/2022
171;Haus Lucia;1738429.0;47.9109680381554;20.3896848828033;;;;;3.0;Hervorragend;03/15/2022
172;Imola Hotel Platán;473504.0;47.8973355223432;20.3843083977699;;;;;4.0;Hervorragend;03/15/2022
173;My-Lord LuxApartman;4911950.0;47.898985;20.370516;;;;;3.0;Fabelhaft;03/15/2022
174;Bazilika Vendégház;1460722.0;47.8978060632366;20.3730407981302;;;;;3.0;Hervorragend;03/15/2022
175;Mátyus Udvarház;551650.0;47.913222;20.4090229999999;;;;;3.0;Sehr gut;03/15/2022
176;Demetrovics Udvarház;5634427.0;47.902454;20.3788741;;;;;3.0;Hervorragend;03/15/2022
177;Merula Park Studios;5199722.0;47.911751;20.384701;;;;;3.0;Hervorragend;03/15/2022
178;Origo Apartman;1738363.0;47.8996377988314;20.3799703251312;;;;;3.0;Außergewöhnlich;03/15/2022
179;Dany Rose Apartman;4817859.0;47.9023233849952;20.368734852539;;;;;3.0;Fabelhaft;03/15/2022
180;Vitalis Apartman;4173462.0;47.901728;20.381335;;;;;4.0;Außergewöhnlich;03/15/2022
181;HR Apartmanház;5464357.0;47.900524;20.377768;;;;;3.0;Außergewöhnlich;03/15/2022
182;Hív-Lak Apartman;2235317.0;47.8940208;20.3632895000001;;;;;;Fabelhaft;03/15/2022
183;Villa Bohemia;3572386.0;47.897969;20.373836;;;;;3.0;Außergewöhnlich;03/15/2022
184;Eszter Apartman;2387928.0;47.8945003981815;20.3833293914795;;;;;3.0;Außergewöhnlich;03/15/2022
185;Hacienda Apartmanok;5478576.0;47.905777;20.371399;;;;;3.0;Außergewöhnlich;03/15/2022
186;Bogarti Apartman;2701093.0;47.9017342433255;20.3813703730702;;;;;3.0;Außergewöhnlich;03/15/2022
187;Pisztácia apartman;4726062.0;47.891243;20.39236505582;;;;;3.0;Außergewöhnlich;03/15/2022
188;Balm Apartman;1793895.0;47.8972789327464;20.3861509071551;;;;;3.0;Außergewöhnlich;03/15/2022
189;PR Apartman;5383976.0;47.9015739;20.379533;;;;;3.0;Außergewöhnlich;03/15/2022
190;Erla Villa;1696902.0;47.9063925374474;20.3706215539673;;;;;;Hervorragend;03/15/2022
191;Melody Apartman;2261276.0;47.902115;20.375481;;;;;3.0;Außergewöhnlich;03/15/2022
192;Vino Apartman;4070791.0;47.906897;20.371802;;;;;3.0;Außergewöhnlich;03/15/2022
193;Bazis Guesthouse;1270541.0;47.8952242161011;20.3680741269836;;;;;3.0;Hervorragend;03/15/2022
194;Flair Apartmanház;2383816.0;47.8948882885774;20.3575226747994;;;;;4.0;Außergewöhnlich;03/15/2022
195;Holiday Home Podium;2708239.0;47.8881672;20.3752456;;;;;4.0;Außergewöhnlich;03/15/2022
196;Butella Apartman Eger;5621381.0;47.891259340782;20.365264708668;;;;;4.0;Hervorragend;03/15/2022
197;Völgy Apartman;437848.0;47.8908809608234;20.3679737448692;;;;;3.0;Hervorragend;03/15/2022
198;Tímár utcai lakás;3648556.0;47.896348;20.388371;;;;;;Hervorragend;03/15/2022
199;Mandula Vendégház;1367124.0;47.9078281406786;20.3868413535367;;;;;3.0;Außergewöhnlich;03/15/2022
200;Legányi Apartmanház;628664.0;47.9005346292129;20.3909522294998;;HUF 26.580;2.0;Zweibettzimmer;3.0;Sehr gut;03/15/2022
201;Bacchus Guesthouse;439195.0;47.901919229125;20.3610455989838;;HUF 15.650;2.0;Doppelzimmer;3.0;Hervorragend;03/15/2022
202;Galagonyás apartman;1174429.0;47.8876026985654;20.3796806106952;;HUF 16.415;2.0;Ferienwohnung;3.0;Fabelhaft;03/15/2022
203;Királyszéke Apartman;868304.0;47.9072531590301;20.3786878287792;;HUF 32.750;6.0;Ferienwohnung;3.0;Außergewöhnlich;03/15/2022
204;Gizella Apartman;5381540.0;47.900264478595;20.379465103705;;HUF 28.535;6.0;Ferienwohnung;3.0;Hervorragend;03/15/2022
205;Bor-Fürdő-Vár;5514224.0;47.893002972163;20.377860855754;;HUF 52.670;8.0;Villa;;Hervorragend;03/15/2022
206;Apartman Ráchegy;447640.0;47.9118377555293;20.3659500181675;;HUF 22.215;6.0;Ferienwohnung;3.0;Fabelhaft;03/15/2022
207;Kuckó Apartaman - Eger;6847486.0;47.9018534;20.3814346;;HUF 24.580;4.0;Ferienwohnung;;Hervorragend;03/15/2022
208;Gábor Vendégház;1056794.0;47.8977502125084;20.3856602311134;3300 Eger, Cifrakaputér 8, Ungarn;HUF 17.560;5.0;Ferienwohnung;3.0;Fabelhaft;03/15/2022
209;Margit Apartman;5486259.0;47.90121114562;20.375103093254;;HUF 28.535;6.0;Ferienwohnung;3.0;Sehr gut;03/15/2022
210;Sasvár Apartman;2665268.0;47.905889;20.367148;;HUF 23.620;6.0;Ferienwohnung;3.0;Außergewöhnlich;03/15/2022
211;Mokka Home;7609155.0;47.908465932592;20.37171064418;;HUF 24.655;5.0;Ferienwohnung;;Enttäuschend;03/15/2022
212;D&V Apartman;7239098.0;47.892953722453;20.379597247155;;HUF 31.955;4.0;Ferienwohnung;;Sehr gut;03/15/2022
213;Foglal-lak Apartman;2760094.0;47.8979541396502;20.3727856278419;;HUF 69.615;6.0;Ferienwohnung;3.0;Hervorragend;03/15/2022
214;Agria Retur Vendégház;494652.0;47.9054586;20.3753750999999;3300 Eger, Knézich Károly u. 18., Ungarn;HUF 12.595;3.0;Dreibettzimmer;3.0;Hervorragend;03/15/2022
215;Afrodité Apartmanok;382110.0;47.9031024033419;20.3787079453468;3300 Eger, Dobó utca 20-22, Ungarn;HUF 20.245;2.0;Ferienwohnung;3.0;Hervorragend;03/15/2022
216;Vár-Lak Apartman;1069607.0;47.9007464;20.3863074;3300 Eger, Diófakút út 34/b, Ungarn;HUF 22.215;2.0;Studio;3.0;Fabelhaft;03/15/2022
217;Princess Vendégház;1192368.0;47.8950391990165;20.3643225156495;;HUF 17.175;2.0;Doppelzimmer;3.0;Fabelhaft;03/15/2022
218;Hotel Minaret&Étterem;393910.0;47.9044509731939;20.3766077756882;3300 Eger, Knézich Károly u. 2., Ungarn;HUF 20.320;2.0;Zweibettzimmer;;Gut;03/15/2022
219;Hotel Romantik Eger;75204.0;47.9033469466162;20.3703877329826;3300 Eger, Csiky Sándor 26, Ungarn;HUF 25.650;2.0;Doppelzimmer;3.0;Fabelhaft;03/15/2022
220;Kulacs Csarda Panzio;257791.0;47.8922388415082;20.3598412871361;3300 Eger, Szépasszonyvölgy, Ungarn;HUF 39.315;3.0;Familienzimmer;3.0;Hervorragend;03/15/2022
221;Invest Vendégház;422374.0;47.9187975808299;20.3671663999558;;HUF 18.320;2.0;Doppel-/Zweibettzimmer;;Fabelhaft;03/15/2022
222;Hotel Senator-Ház Eger;28498.0;47.9031671354975;20.3778067231178;3300 Eger, Dobó tér 11, Ungarn;HUF 31.300;2.0;Doppelzimmer;3.0;Hervorragend;03/15/2022
223;Kertész Vendégház;4600246.0;47.892504;20.390228;;HUF 15.880;3.0;Studio;;Hervorragend;03/15/2022
224;Offi Haz Hotel;75261.0;47.9031797222961;20.3778120875359;;HUF 30.345;2.0;Doppelzimmer;3.0;Sehr gut;03/15/2022
225;Bacchus Panzió Hotel;76826.0;47.894103846081;20.3639531135559;3300 Eger, Szépasszonyvölgy utca 29, Ungarn;HUF 25.955;2.0;Zweibettzimmer;;Sehr gut;03/15/2022
226;Flamingo Vendégház;422409.0;47.9108463120443;20.3844237327576;;HUF 25.955;2.0;Doppelzimmer;3.0;Sehr gut;03/15/2022
227;Imola Udvarház Dessert Hotel;434541.0;47.9027931263699;20.381070971489;3300 Eger, Tinódi Sebestyén tér 4. , Ungarn;HUF 38.220;4.0;Ferienwohnung;;Hervorragend;03/15/2022
228;Hotel Korona Wellness, Rendezvény és Borszálloda;75325.0;47.9037838850316;20.370269715786;3300 Eger, Tündérpart 5., Ungarn;HUF 39.315;2.0;Doppel-/Zweibettzimmer;4.0;Sehr gut;03/15/2022
229;Diófa Vendégház;1770738.0;47.9008815446513;20.3839483486729;3300 Eger, Diófakút utca 4, Ungarn;HUF 17.940;2.0;Ferienwohnung;3.0;Hervorragend;03/15/2022
230;Allure Healthy Hotel & Spa;6612204.0;47.922229;20.36618;3300 Eger, 1 Liliom utca, Ungarn;HUF 57.250;4.0;Suite;4.0;Fabelhaft;03/15/2022
231;Palace - Belvárosi Apartman Eger;5291230.0;47.9004692194374;20.375042706728;;HUF 29.235;7.0;Ferienwohnung;3.0;Außergewöhnlich;03/15/2022
232;Marienka panzió;5505143.0;47.906878;20.371815;;HUF 22.450;2.0;Doppelzimmer;;Sehr gut;03/15/2022
233;Hotel Villa Völgy Wellness & Konferencia;252127.0;47.8947782526058;20.3574407100677;3300 Eger, Tulipánkert u. 5., Ungarn;HUF 53.435;2.0;Doppel-/Zweibettzimmer;4.0;Sehr gut;03/15/2022
234;Family Apartman;504948.0;47.9059918960022;20.3851816355746;3300 Eger, Joó János u.15/A., Ungarn;HUF 27.865;4.0;Ferienwohnung;3.0;Außergewöhnlich;03/15/2022
235;Centrum Vendégház;675913.0;47.9014337242809;20.3766024112701;3300 Eger, Bajcsy-Zsilinszky utca 17., Ungarn;HUF 27.980;2.0;Ferienwohnung;3.0;Hervorragend;03/15/2022
236;Várkapu Panzió;541287.0;47.9022331865108;20.3806726634502;;HUF 28.625;2.0;Doppelzimmer;3.0;Hervorragend;03/15/2022
237;Cork Apartman;6407707.0;47.9009511;20.3788711;;HUF 72.775;6.0;Ferienwohnung;;Außergewöhnlich;03/15/2022
238;Főtér Apartman;1666807.0;47.9027168;20.3763255;;HUF 46.945;6.0;Ferienwohnung;3.0;Außergewöhnlich;03/15/2022
239;Katus Apartman;5502200.0;47.893150458789;20.377813962149;;HUF 29.235;8.0;Ferienwohnung;3.0;Außergewöhnlich;03/15/2022
240;Kisasszony apartman;2279028.0;47.908217564895;20.3697241349378;;HUF 26.720;5.0;Ferienwohnung;3.0;Fabelhaft;03/15/2022
241;Hotel Estella Superior;556126.0;47.8999229;20.379201;;;;;2.0;Fabelhaft;03/15/2022
242;Barokk Vendégház;539742.0;47.9030511;20.3773201;;HUF 29.390;6.0;Ferienwohnung;3.0;Sehr gut;03/15/2022
243;Plitzner Belvárosi Apartmanház;1869082.0;47.9014690832187;20.3820016790985;;;;;3.0;Hervorragend;03/15/2022
244;Szent Kristóf Panzió;343947.0;47.8975800928596;20.3719514608383;;;;;3.0;Hervorragend;03/15/2022
245;Léna Apartman - Eger;4157124.0;47.9018858113942;20.3738359822785;;;;;3.0;Außergewöhnlich;03/15/2022
246;ANGEL´S VENDÉGHÁZ;4134738.0;47.897199;20.364688;;HUF 20.230;2.0;Doppelzimmer;3.0;Hervorragend;03/15/2022
247;Mecset Apartman;5618174.0;47.903771;20.376757;;;;;4.0;Außergewöhnlich;03/15/2022
248;Villa Florencia;4084392.0;47.902518;20.379531;;;;;3.0;Fabelhaft;03/15/2022
249;Melior Szálló;2460125.0;47.903394;20.3705637;;HUF 17.140;2.0;Doppelzimmer;3.0;Hervorragend;03/15/2022
250;Aqua Villa Eger;467457.0;47.8999034551467;20.3843888640404;;;;;3.0;Fabelhaft;03/15/2022
251;Illaberek Panzió;1070483.0;47.9061;20.384103;;;;;3.0;Hervorragend;03/15/2022
252;Aranykert Vendégház;596265.0;47.8962529242704;20.3708705306053;;;;;3.0;Fabelhaft;03/15/2022
253;Magas-lak Apartman Eger;6829786.0;47.897103638544;20.385522253373;;;;;3.0;Außergewöhnlich;03/15/2022
254;Zöld Sziget Vendégház;418200.0;47.9088380773682;20.3852337598801;;;;;3.0;Fabelhaft;03/15/2022
255;Aranyvár Apartment;2424156.0;47.9030404037627;20.3799340380288;;;;;3.0;Hervorragend;03/15/2022
256;Gyöngyszem Vendégház;418011.0;47.9098862525481;20.3867009282112;;;;;3.0;Außergewöhnlich;03/15/2022
257;Agria Residence;2003948.0;47.895987729837;20.3750857829621;;;;;3.0;Außergewöhnlich;03/15/2022
258;Akos Apartman;2241519.0;47.9007773703689;20.3771881865082;;;;;3.0;Außergewöhnlich;03/15/2022
259;1552 Boutique Hotel;7186817.0;47.903358;20.37474;;;;;4.0;Außergewöhnlich;03/15/2022
260;Eged'Inn;2706406.0;47.9116560972595;20.3877364188901;;;;;;Hervorragend;03/15/2022
261;Hotel Ködmön;75957.0;47.8918449698498;20.3592458367348;;;;;4.0;Fabelhaft;03/15/2022
262;Lizy apartman;3386228.0;47.896564022717;20.3750901448669;;;;;3.0;Hervorragend;03/15/2022
263;Kókusz Apartmanok;2796126.0;47.908198;20.361012;;;;;3.0;Hervorragend;03/15/2022
264;Paradise Apartmanház;1752177.0;47.8976796814361;20.3884095509262;;;;;3.0;Außergewöhnlich;03/15/2022
265;Haus Lucia;1738429.0;47.9109680381554;20.3896848828033;;;;;3.0;Hervorragend;03/15/2022
266;Imola Hotel Platán;473504.0;47.8973355223432;20.3843083977699;;;;;4.0;Hervorragend;03/15/2022
267;My-Lord LuxApartman;4911950.0;47.898985;20.370516;;;;;3.0;Fabelhaft;03/15/2022
268;Bazilika Vendégház;1460722.0;47.8978060632366;20.3730407981302;;;;;3.0;Hervorragend;03/15/2022
269;Mátyus Udvarház;551650.0;47.913222;20.4090229999999;;;;;3.0;Sehr gut;03/15/2022
270;Demetrovics Udvarház;5634427.0;47.902454;20.3788741;;;;;3.0;Hervorragend;03/15/2022
271;Merula Park Studios;5199722.0;47.911751;20.384701;;;;;3.0;Hervorragend;03/15/2022
272;Origo Apartman;1738363.0;47.8996377988314;20.3799703251312;;;;;3.0;Außergewöhnlich;03/15/2022
273;Dany Rose Apartman;4817859.0;47.9023233849952;20.368734852539;;;;;3.0;Fabelhaft;03/15/2022
274;Vitalis Apartman;4173462.0;47.901728;20.381335;;;;;4.0;Außergewöhnlich;03/15/2022
275;HR Apartmanház;5464357.0;47.900524;20.377768;;;;;3.0;Außergewöhnlich;03/15/2022
276;Garten Vendégház;500867.0;47.9015488073224;20.3890196979046;;HUF 18.705;2.0;Doppelzimmer;3.0;Hervorragend;03/15/2022
277;Hív-Lak Apartman;2235317.0;47.8940208;20.3632895000001;;;;;;Fabelhaft;03/15/2022
278;Villa Bohemia;3572386.0;47.897969;20.373836;;;;;3.0;Außergewöhnlich;03/15/2022
279;Eszter Apartman;2387928.0;47.8945003981815;20.3833293914795;;;;;3.0;Außergewöhnlich;03/15/2022
280;Hacienda Apartmanok;5478576.0;47.905777;20.371399;;;;;3.0;Außergewöhnlich;03/15/2022
281;Bogarti Apartman;2701093.0;47.9017342433255;20.3813703730702;;;;;3.0;Außergewöhnlich;03/15/2022
282;Pisztácia apartman;4726062.0;47.891243;20.39236505582;;;;;3.0;Außergewöhnlich;03/15/2022
283;Balm Apartman;1793895.0;47.8972789327464;20.3861509071551;;;;;3.0;Außergewöhnlich;03/15/2022
284;PR Apartman;5383976.0;47.9015739;20.379533;;;;;3.0;Außergewöhnlich;03/15/2022
285;Károlyi Panzió;697041.0;47.888094945812;20.3928152024309;;HUF 25.270;2.0;Zweibettzimmer;3.0;Fabelhaft;03/15/2022
286;Erla Villa;1696902.0;47.9063925374474;20.3706215539673;;;;;;Hervorragend;03/15/2022
287;Melody Apartman;2261276.0;47.902115;20.375481;;;;;3.0;Außergewöhnlich;03/15/2022
288;Vino Apartman;4070791.0;47.906897;20.371802;;;;;3.0;Außergewöhnlich;03/15/2022
289;Bazis Guesthouse;1270541.0;47.8952242161011;20.3680741269836;;;;;3.0;Hervorragend;03/15/2022
290;Albina apartman;2283217.0;47.891818;20.3784439;;HUF 28.625;6.0;Ferienwohnung;4.0;Hervorragend;03/15/2022
291;Flair Apartmanház;2383816.0;47.8948882885774;20.3575226747994;;;;;4.0;Außergewöhnlich;03/15/2022
292;Holiday Home Podium;2708239.0;47.8881672;20.3752456;;;;;4.0;Außergewöhnlich;03/15/2022
293;Leo Vendeghaz;2463518.0;47.9056683053885;20.3766191693115;;HUF 43.810;6.0;Suite;4.0;Hervorragend;03/15/2022
294;Butella Apartman Eger;5621381.0;47.891259340782;20.365264708668;;;;;4.0;Hervorragend;03/15/2022
295;Völgy Apartman;437848.0;47.8908809608234;20.3679737448692;;;;;3.0;Hervorragend;03/15/2022
296;Tímár utcai lakás;3648556.0;47.896348;20.388371;;;;;;Hervorragend;03/15/2022
297;Villa Levendula;6132960.0;47.8979367;20.3723311;3300 Eger, Telekessy István utca 12. fszt.7. Fszt 7, Ungarn;HUF 24.580;4.0;Ferienwohnung;3.0;Außergewöhnlich;03/15/2022
298;Főnix Panzió;6376076.0;47.901206;20.382936;;HUF 18.320;3.0;Dreibettzimmer;3.0;Fabelhaft;03/15/2022
299;Hotel Unicornis;75379.0;47.9019012475453;20.379810333252;3300 Eger, Dr. Hibay K. 2, Ungarn;HUF 20.320;2.0;Doppelzimmer;3.0;Sehr gut;03/15/2022
300;Emmabella Apartmanok Eger;6483386.0;47.886273341956;20.37632716316;3300 Eger, 26 Galagonyás utca, Ungarn;HUF 15.895;4.0;Ferienwohnung;3.0;Außergewöhnlich;03/15/2022
301;Panoráma Panzió;360891.0;47.9055981289596;20.3852605819702;3300 Eger, Joó János utca 9., Ungarn;HUF 23.740;2.0;Doppelzimmer;3.0;Gut;03/15/2022
302;Arany Barokk Apartman;539743.0;47.9029792676904;20.3800225509262;3300 Eger, Dobó István utca 10., Ungarn;HUF 25.955;7.0;Ferienwohnung;3.0;Sehr gut;03/15/2022
303;Harmónia Belvárosi Apartmanok;2550695.0;47.8975741588534;20.3739568445491;3300 Eger, Hatvani kapu tér 2., Ungarn;HUF 24.045;3.0;Ferienwohnung;3.0;Awesome;03/15/2022
304;Vincze Vendégház;437966.0;47.9065187120639;20.3742983937263;3300 Eger, Honfoglalás u. 8., Ungarn;HUF 13.360;2.0;Doppel-/Zweibettzimmer;3.0;Awesome;03/15/2022
305;ANGEL´S VENDÉGHÁZ;4134738.0;47.897199;20.364688;3300 Eger, Strada Bethlen Gábor 35, Ungarn;HUF 20.230;2.0;Doppelzimmer;3.0;Awesome;03/15/2022
306;Orient Apartmanok;7628964.0;47.906106;20.371769;3300 Eger, 1 Klapka György utca, Ungarn;HUF 20.025;4.0;Ferienwohnung;3.0;Sehr gut;03/15/2022
307;Cork Apartman;6407707.0;47.9009511;20.3788711;3300 Eger, Mária utca 1, Ungarn;HUF 79.005;6.0;Ferienwohnung;;Außergewöhnlich;03/15/2022
308;Cherry Apartment;2356776.0;47.902127;20.373635;3300 Eger, Széchenyi út 11. 1 em. 3 aj., Ungarn;HUF 33.590;5.0;Ferienwohnung;3.0;Sehr gut;03/15/2022
309;Pearl Apartman;7232464.0;47.9017257;20.3831155;3300 Eger, 8 Mekcsey István utca, Ungarn;HUF 38.930;4.0;Ferienwohnung;;Fabelhaft;03/15/2022
310;Princess Vendégház;1192368.0;47.8950391990165;20.3643225156495;;HUF 17.175;2.0;Doppelzimmer;3.0;Fabelhaft;03/15/2022
311;Kertész Vendégház;4600246.0;47.892504;20.390228;3300 Eger, Kertész utca 114/a., Ungarn;HUF 15.880;3.0;Studio;;Awesome;03/15/2022
312;Little Brill;7439686.0;47.922008510452;20.367448254915;3300 Eger, Töviskes tér 11, Ungarn;HUF 20.995;2.0;Ferienwohnung;;Awesome;03/15/2022
313;Darvas Apartman;8086973.0;47.9074456;20.3788415;;HUF 22.710;4.0;Ferienwohnung;;;03/15/2022
314;Nótafa Vendégház Eger;7456870.0;47.9109339;20.3898449;3300 Eger, 91 Nagy-Eged utca, Ungarn;HUF 19.085;2.0;Doppelzimmer;3.0;Außergewöhnlich;03/15/2022
315;Gabriella Apartman;6178766.0;47.901079;20.376418;3300 Eger, Bajcsy-Zsilinszky u.13., Ungarn;HUF 20.230;4.0;Ferienwohnung;3.0;Sehr gut;03/15/2022
316;ILLA Apartments;8241258.0;47.9052784;20.3757838;;HUF 21.755;2.0;Ferienwohnung;;;03/15/2022
317;Elit Apartmanok;3631697.0;47.898403168489;20.3763565;;HUF 29.770;2.0;Ferienwohnung;3.0;Awesome;03/15/2022
318;Lilla Vendégház;7602518.0;47.8961756;20.3731399;3300 Eger, Szvorényi József utca 10., Ungarn;HUF 46.375;6.0;Ferienhaus;;Awesome;03/15/2022
319;M&D Apartman;6774712.0;47.8973427;20.384863;3300 Eger, 15 Csákány utca 1.em. 3. ajtó, Ungarn;HUF 21.755;4.0;Ferienwohnung;3.0;Außergewöhnlich;03/15/2022
320;Bástya apartman;3631424.0;47.90439;20.381023;3300 Eger, Bástya utca 22, Ungarn;HUF 20.230;2.0;Ferienwohnung;3.0;Awesome;03/15/2022
321;Panoráma Hotel Eger;47600.0;47.9051989647905;20.3858050704002;3300 Eger, Joó János u. 9, Ungarn;HUF 28.320;2.0;Doppelzimmer;3.0;Gut;03/15/2022
322;Károlyi Panzió;697041.0;47.888094945812;20.3928152024309;3300 Eger, Károlyi Mihály 30, Ungarn;HUF 25.270;2.0;Zweibettzimmer;3.0;Fabelhaft;03/15/2022
323;Barokk Vendégház;539742.0;47.9030511;20.3773201;3300 Eger, Dobó István utca 5., Ungarn;HUF 29.390;6.0;Ferienwohnung;3.0;Sehr gut;03/15/2022
324;Mokka Apartman;5436523.0;47.908581;20.371657;;HUF 20.995;2.0;Ferienwohnung;3.0;Außergewöhnlich;03/15/2022
325;Agria Retur Vendégház;494652.0;47.9054586;20.3753750999999;;HUF 12.595;3.0;Dreibettzimmer;3.0;Awesome;03/15/2022
326;Afrodité Apartmanok;382110.0;47.9031024033419;20.3787079453468;;HUF 20.245;2.0;Ferienwohnung;3.0;Awesome;03/15/2022
327;Vár-Lak Apartman;1069607.0;47.9007464;20.3863074;;HUF 22.215;2.0;Studio;3.0;Fabelhaft;03/15/2022
328;Hotel Minaret&Étterem;393910.0;47.9044509731939;20.3766077756882;;HUF 20.320;2.0;Zweibettzimmer;;Gut;03/15/2022
329;Hotel Romantik Eger;75204.0;47.9033469466162;20.3703877329826;;HUF 25.650;2.0;Doppelzimmer;3.0;Fabelhaft;03/15/2022
330;Kulacs Csarda Panzio;257791.0;47.8922388415082;20.3598412871361;;HUF 39.315;3.0;Familienzimmer;3.0;Awesome;03/15/2022
331;Invest Vendégház;422374.0;47.9187975808299;20.3671663999558;;HUF 18.320;2.0;Doppel-/Zweibettzimmer;;Fabelhaft;03/15/2022
332;Hotel Senator-Ház Eger;28498.0;47.9031671354975;20.3778067231178;;HUF 31.300;2.0;Doppelzimmer;3.0;Awesome;03/15/2022
333;Offi Haz Hotel;75261.0;47.9031797222961;20.3778120875359;;HUF 30.345;2.0;Doppelzimmer;3.0;Sehr gut;03/15/2022
334;Bacchus Panzió Hotel;76826.0;47.894103846081;20.3639531135559;;HUF 25.955;2.0;Zweibettzimmer;;Sehr gut;03/15/2022
335;Flamingo Vendégház;422409.0;47.9108463120443;20.3844237327576;;HUF 25.955;2.0;Doppelzimmer;3.0;Sehr gut;03/15/2022
336;Imola Udvarház Dessert Hotel;434541.0;47.9027931263699;20.381070971489;;HUF 41.445;4.0;Ferienwohnung;;Awesome;03/15/2022
337;Hotel Korona Wellness, Rendezvény és Borszálloda;75325.0;47.9037838850316;20.370269715786;;HUF 39.315;2.0;Doppel-/Zweibettzimmer;4.0;Sehr gut;03/15/2022
338;Diófa Vendégház;1770738.0;47.9008815446513;20.3839483486729;;HUF 17.940;2.0;Ferienwohnung;3.0;Awesome;03/15/2022
339;Allure Healthy Hotel & Spa;6612204.0;47.922229;20.36618;;HUF 57.250;4.0;Suite;4.0;Fabelhaft;03/15/2022
340;Palace - Belvárosi Apartman Eger;5291230.0;47.9004692194374;20.375042706728;;HUF 31.680;7.0;Ferienwohnung;3.0;Außergewöhnlich;03/15/2022
341;Marienka panzió;5505143.0;47.906878;20.371815;;HUF 22.450;2.0;Doppelzimmer;;Sehr gut;03/15/2022
342;Hotel Villa Völgy Wellness & Konferencia;252127.0;47.8947782526058;20.3574407100677;;HUF 53.435;2.0;Doppel-/Zweibettzimmer;4.0;Sehr gut;03/15/2022
343;Family Apartman;504948.0;47.9059918960022;20.3851816355746;;HUF 27.865;4.0;Ferienwohnung;3.0;Außergewöhnlich;03/15/2022
344;Centrum Vendégház;675913.0;47.9014337242809;20.3766024112701;;HUF 27.980;2.0;Ferienwohnung;3.0;Awesome;03/15/2022
345;Várkapu Panzió;541287.0;47.9022331865108;20.3806726634502;;HUF 28.625;2.0;Doppelzimmer;3.0;Awesome;03/15/2022
346;Főtér Apartman;1666807.0;47.9027168;20.3763255;;HUF 46.945;6.0;Ferienwohnung;3.0;Außergewöhnlich;03/15/2022
347;Katus Apartman;5502200.0;47.893150458789;20.377813962149;;HUF 31.680;8.0;Ferienwohnung;3.0;Außergewöhnlich;03/15/2022
348;Kisasszony apartman;2279028.0;47.908217564895;20.3697241349378;;HUF 26.720;5.0;Ferienwohnung;3.0;Fabelhaft;03/15/2022
349;Sasvár Apartman;2665268.0;47.905889;20.367148;;HUF 25.575;6.0;Ferienwohnung;3.0;Außergewöhnlich;03/15/2022
350;Hotel Estella Superior;556126.0;47.8999229;20.379201;;;;;2.0;Fabelhaft;03/15/2022
351;Plitzner Belvárosi Apartmanház;1869082.0;47.9014690832187;20.3820016790985;;;;;3.0;Awesome;03/15/2022
352;Szent Kristóf Panzió;343947.0;47.8975800928596;20.3719514608383;;;;;3.0;Awesome;03/15/2022
353;Léna Apartman - Eger;4157124.0;47.9018858113942;20.3738359822785;;;;;3.0;Außergewöhnlich;03/15/2022
354;Mecset Apartman;5618174.0;47.903771;20.376757;;;;;4.0;Außergewöhnlich;03/15/2022
355;Villa Florencia;4084392.0;47.902518;20.379531;;;;;3.0;Fabelhaft;03/15/2022
356;Aqua Villa Eger;467457.0;47.8999034551467;20.3843888640404;;;;;3.0;Fabelhaft;03/15/2022
357;Illaberek Panzió;1070483.0;47.9061;20.384103;;;;;3.0;Awesome;03/15/2022
358;Aranykert Vendégház;596265.0;47.8962529242704;20.3708705306053;;;;;3.0;Fabelhaft;03/15/2022
359;Magas-lak Apartman Eger;6829786.0;47.897103638544;20.385522253373;;;;;3.0;Außergewöhnlich;03/15/2022
360;Zöld Sziget Vendégház;418200.0;47.9088380773682;20.3852337598801;;;;;3.0;Fabelhaft;03/15/2022
361;Aranyvár Apartment;2424156.0;47.9030404037627;20.3799340380288;;;;;3.0;Awesome;03/15/2022
362;Gyöngyszem Vendégház;418011.0;47.9098862525481;20.3867009282112;;;;;3.0;Außergewöhnlich;03/15/2022
363;Agria Residence;2003948.0;47.895987729837;20.3750857829621;;;;;3.0;Außergewöhnlich;03/15/2022
364;Akos Apartman;2241519.0;47.9007773703689;20.3771881865082;;;;;3.0;Außergewöhnlich;03/15/2022
365;1552 Boutique Hotel;7186817.0;47.903358;20.37474;;;;;4.0;Außergewöhnlich;03/15/2022
366;Eged'Inn;2706406.0;47.9116560972595;20.3877364188901;;;;;;Awesome;03/15/2022
367;Hotel Ködmön;75957.0;47.8918449698498;20.3592458367348;;;;;4.0;Fabelhaft;03/15/2022
368;Lizy apartman;3386228.0;47.896564022717;20.3750901448669;;;;;3.0;Awesome;03/15/2022
369;Kókusz Apartmanok;2796126.0;47.908198;20.361012;;;;;3.0;Awesome;03/15/2022
370;Paradise Apartmanház;1752177.0;47.8976796814361;20.3884095509262;;;;;3.0;Außergewöhnlich;03/15/2022
371;Haus Lucia;1738429.0;47.9109680381554;20.3896848828033;;;;;3.0;Awesome;03/15/2022
372;Imola Hotel Platán;473504.0;47.8973355223432;20.3843083977699;;;;;4.0;Awesome;03/15/2022
373;My-Lord LuxApartman;4911950.0;47.898985;20.370516;;;;;3.0;Fabelhaft;03/15/2022
374;Bazilika Vendégház;1460722.0;47.8978060632366;20.3730407981302;;;;;3.0;Awesome;03/15/2022
375;Mátyus Udvarház;551650.0;47.913222;20.4090229999999;;;;;3.0;Sehr gut;03/15/2022
376;Demetrovics Udvarház;5634427.0;47.902454;20.3788741;;;;;3.0;Awesome;03/15/2022
377;Merula Park Studios;5199722.0;47.911751;20.384701;;;;;3.0;Awesome;03/15/2022
378;Origo Apartman;1738363.0;47.8996377988314;20.3799703251312;;;;;3.0;Außergewöhnlich;03/15/2022
379;Dany Rose Apartman;4817859.0;47.9023233849952;20.368734852539;;;;;3.0;Fabelhaft;03/15/2022
380;Vitalis Apartman;4173462.0;47.901728;20.381335;;;;;4.0;Außergewöhnlich;03/15/2022
381;HR Apartmanház;5464357.0;47.900524;20.377768;;;;;3.0;Außergewöhnlich;03/15/2022
382;Hív-Lak Apartman;2235317.0;47.8940208;20.3632895000001;;;;;;Fabelhaft;03/15/2022
383;Villa Bohemia;3572386.0;47.897969;20.373836;;;;;3.0;Außergewöhnlich;03/15/2022
384;Eszter Apartman;2387928.0;47.8945003981815;20.3833293914795;;;;;3.0;Außergewöhnlich;03/15/2022
385;Hacienda Apartmanok;5478576.0;47.905777;20.371399;;;;;3.0;Außergewöhnlich;03/15/2022
386;Bogarti Apartman;2701093.0;47.9017342433255;20.3813703730702;;;;;3.0;Außergewöhnlich;03/15/2022
387;Pisztácia apartman;4726062.0;47.891243;20.39236505582;;;;;3.0;Außergewöhnlich;03/15/2022
388;Balm Apartman;1793895.0;47.8972789327464;20.3861509071551;;;;;3.0;Außergewöhnlich;03/15/2022
389;PR Apartman;5383976.0;47.9015739;20.379533;;;;;3.0;Außergewöhnlich;03/15/2022
390;Erla Villa;1696902.0;47.9063925374474;20.3706215539673;;;;;;Awesome;03/15/2022
391;Melody Apartman;2261276.0;47.902115;20.375481;;;;;3.0;Außergewöhnlich;03/15/2022
392;Vino Apartman;4070791.0;47.906897;20.371802;;;;;3.0;Außergewöhnlich;03/15/2022
393;Bazis Guesthouse;1270541.0;47.8952242161011;20.3680741269836;;;;;3.0;Awesome;03/15/2022
394;Flair Apartmanház;2383816.0;47.8948882885774;20.3575226747994;;;;;4.0;Außergewöhnlich;03/15/2022
395;Holiday Home Podium;2708239.0;47.8881672;20.3752456;;;;;4.0;Außergewöhnlich;03/15/2022
396;Butella Apartman Eger;5621381.0;47.891259340782;20.365264708668;;;;;4.0;Awesome;03/15/2022
397;Völgy Apartman;437848.0;47.8908809608234;20.3679737448692;;;;;3.0;Awesome;03/15/2022
398;Tímár utcai lakás;3648556.0;47.896348;20.388371;;;;;;Awesome;03/15/2022
399;Mandula Vendégház;1367124.0;47.9078281406786;20.3868413535367;;;;;3.0;Außergewöhnlich;03/15/2022
